age,gender,income,browsing_minutes,pages_viewed,click_rate,previous_purchase,真实标签,预测标签,预测概率
30.0,1,11.6,28.6,10,0.278,0,0,0,0.36365782920881534
35.0,1,14.9,50.3,13,0.717,0,1,1,0.5773414772478196
,0,14.0,42.6,20,0.252,0,0,0,0.4710485645154072
30.0,1,12.4,20.0,4,0.622,0,0,0,0.42486777358207695
26.0,0,3.5,28.5,12,0.534,0,0,0,0.4989159886298435
34.0,1,3.6,60.2,14,0.423,0,1,1,0.5101364447493597
33.0,0,3.6,54.2,13,0.069,0,1,0,0.3928606667590493
36.0,0,14.9,51.1,18,0.19,0,0,0,0.45171963553521005
37.0,0,9.4,45.8,13,0.746,1,1,1,0.7529948982910614
26.0,1,16.3,32.3,12,0.341,0,0,0,0.4006136124374762
25.0,0,13.1,24.6,6,0.082,1,0,0,0.44795411471215346
25.0,1,11.7,55.9,21,0.457,1,1,1,0.7080112863108802
28.0,1,10.6,45.4,10,0.714,0,0,1,0.5505112920986067
53.0,0,7.2,55.7,15,0.722,1,1,1,0.7725079627470899
32.0,0,15.6,162.0,37,0.673,1,1,1,0.9291806503394129
34.0,1,15.3,48.7,18,0.37,0,0,0,0.48428911317327766
,1,13.4,29.4,14,0.15,0,0,0,0.34655323168964225
24.0,0,13.8,26.0,9,0.271,1,1,1,0.5377506705245084
42.0,0,6.8,23.3,7,0.082,1,0,0,0.45789598107028295
23.0,0,18.1,64.1,29,0.638,0,1,1,0.6980226518111986
30.0,1,9.6,75.9,34,0.057,0,1,1,0.540935244311289
28.0,1,11.5,84.3,34,0.677,0,1,1,0.7523043813507972
,0,11.0,50.4,13,0.699,0,1,1,0.6003902718482309
23.0,1,13.9,56.8,21,0.415,0,1,1,0.5382508090787722
36.0,0,23.3,63.4,21,0.424,0,1,1,0.5719805762937067
39.0,1,14.3,50.7,23,0.497,0,0,1,0.5681158496798354
36.0,0,11.1,48.6,17,0.33,1,0,1,0.6558251568776575
24.0,0,12.4,32.7,6,0.214,1,0,1,0.5118941166735232
38.0,1,8.7,51.8,15,0.736,1,1,1,0.7502455804160085
36.0,0,16.4,40.5,18,0.259,0,0,0,0.45362287488070807
34.0,1,10.0,71.8,32,0.171,1,1,1,0.7129497402684865
,1,8.8,33.4,16,0.585,1,0,1,0.6819299641022339
35.0,1,10.0,43.5,19,0.21,0,1,0,0.42884041157611075
18.0,0,3.0,35.4,15,0.14,0,1,0,0.39443341277889116
26.0,0,11.2,62.2,26,0.385,1,1,1,0.7458701583276003
26.0,0,4.5,47.3,21,0.578,0,1,1,0.6107407440548953
24.0,0,12.3,40.9,20,0.303,0,0,0,0.4874044187048886
22.0,1,16.5,61.3,20,0.74,0,1,1,0.6496041458904349
,1,11.6,48.2,21,0.599,1,0,1,0.7363512610680819
34.0,1,13.4,49.8,22,0.129,0,1,0,0.42974317961508784
26.0,1,10.7,23.5,8,0.233,0,0,0,0.3283112942693973
42.0,0,6.4,27.9,13,0.316,1,1,1,0.5907348464484807
34.0,1,3.0,17.1,6,0.291,0,0,0,0.3295867686460852
,0,4.0,35.0,7,0.414,1,1,1,0.6011868083741069
36.0,1,12.7,9.2,3,0.791,1,1,1,0.6212815142006524
,0,8.6,48.3,11,0.185,1,0,1,0.569932187337915
,0,13.9,39.6,15,0.336,1,0,1,0.6262471051680992
32.0,0,11.7,8.3,3,0.169,1,0,0,0.4275072285479021
34.0,1,16.8,68.0,13,0.146,1,0,1,0.575072804623659
30.0,0,15.2,104.2,50,0.275,0,1,1,0.7725067508717631
24.0,0,11.7,31.7,7,0.302,1,1,1,0.548611733235649
34.0,0,17.0,34.2,12,0.391,1,1,1,0.6126206050093781
18.0,1,5.2,28.1,10,0.703,0,0,1,0.5169438895382326
40.0,0,8.1,76.8,25,0.311,1,1,1,0.7451511273660749
,1,14.5,67.2,21,0.137,1,0,1,0.6245472618368298
19.0,0,11.1,27.2,7,0.603,0,1,0,0.47997646229444685
37.0,0,5.6,53.6,20,0.44,0,0,1,0.5677480851441068
27.0,1,6.2,32.1,12,0.092,1,0,0,0.48715773034022936
37.0,0,3.0,66.8,24,0.489,1,0,1,0.7753353567460689
30.0,1,12.6,26.9,6,0.072,1,0,0,0.4234873498452772
27.0,1,9.9,47.5,22,0.473,1,1,1,0.7057444139528899
,0,5.4,48.5,14,0.198,1,1,1,0.5975054124263819
,0,15.3,44.5,14,0.726,0,0,1,0.6009179715545941
32.0,1,6.1,72.7,32,0.382,0,1,1,0.6368410845733753
25.0,1,10.8,33.4,11,0.656,1,1,1,0.6728353676451687
34.0,1,13.5,51.1,21,0.455,0,1,1,0.5414216022477574
46.0,0,16.2,153.7,54,0.054,1,1,1,0.8890931853516812
30.0,1,5.0,52.6,22,0.313,1,1,1,0.6693864495799206
31.0,1,15.1,67.9,23,0.232,0,0,1,0.5077242838215168
60.0,0,11.8,23.9,11,0.389,1,1,1,0.5901938398233048
27.0,1,18.3,30.6,15,0.242,0,1,0,0.3812687055634415
,0,13.1,103.5,30,0.476,0,0,1,0.7249955862598793
30.0,1,12.6,28.1,9,0.054,1,0,0,0.43951191569131376
32.0,1,3.0,52.8,20,0.402,1,1,1,0.6872785658463553
33.0,0,5.0,38.3,12,0.674,1,0,1,0.7192174300152473
,0,18.9,25.1,8,0.383,0,0,0,0.3980866873596905
32.0,1,18.4,39.6,14,0.718,0,0,1,0.5600160496051086
23.0,0,15.3,49.6,13,0.793,0,1,1,0.6269148517582377
18.0,0,16.0,39.1,17,0.406,1,1,1,0.6589523927699328
48.0,0,9.3,5.0,3,0.395,1,0,1,0.5033472872663257
31.0,0,12.9,36.0,11,0.603,1,1,1,0.6822253082757919
18.0,0,18.5,6.3,3,0.058,0,0,0,0.2380158942769042
20.0,0,9.5,47.9,17,0.369,0,1,1,0.5073380096064356
,0,12.9,35.5,7,0.416,0,0,0,0.42866353219072406
24.0,0,16.7,180.0,56,0.643,0,1,1,0.9252698490430674
18.0,1,12.8,15.7,6,0.167,0,1,0,0.2818958578545899
,0,10.7,44.3,20,0.566,1,1,1,0.7369842543656868
26.0,1,7.7,53.3,15,0.122,0,1,0,0.3933105486554156
36.0,0,8.5,33.7,13,0.597,1,1,1,0.69159111740986
49.0,0,5.5,78.3,27,0.48,0,0,1,0.6724001080931857
25.0,0,17.0,33.0,12,0.479,1,1,1,0.639793777333897
,1,8.0,45.8,19,0.589,1,0,1,0.7216396342824957
39.0,0,17.8,30.2,8,0.442,1,1,1,0.5956860669477584
36.0,0,10.4,31.9,12,0.623,0,1,1,0.5311023744221348
18.0,0,12.2,47.8,23,0.58,1,0,1,0.7603067483809528
,1,8.0,31.1,10,0.451,0,1,0,0.4307754365225208
,0,5.6,66.8,24,0.769,1,1,1,0.8360670088561558
28.0,0,15.5,31.7,12,0.479,1,1,1,0.6386676516784532
26.0,0,3.0,26.7,11,0.307,0,1,0,0.408882298879532
23.0,0,12.7,76.7,17,0.055,0,1,0,0.45029533030121
,0,6.2,67.9,16,0.226,1,1,1,0.6553464911381844
30.0,0,9.8,29.2,6,0.622,1,0,1,0.648464876591279
,1,18.4,40.3,9,0.12,1,1,0,0.48197051994652557
46.0,1,10.7,38.6,10,0.761,0,0,1,0.5534911535533301
37.0,0,13.3,29.9,11,0.618,0,1,1,0.5158408514958919
22.0,1,17.6,86.5,31,0.606,1,1,1,0.8312501161341489
22.0,1,20.4,50.3,11,0.347,1,1,1,0.5937972042540388
44.0,0,17.0,25.9,12,0.276,0,0,0,0.3907054651815805
30.0,0,11.1,64.0,23,0.656,1,1,1,0.8017963042840648
36.0,1,14.5,40.1,18,0.459,1,0,1,0.6613998176958454
27.0,1,19.8,39.1,14,0.345,0,1,0,0.4252644403873648
36.0,0,13.0,14.8,5,0.372,0,1,0,0.3608813481759571
22.0,1,12.2,25.0,9,0.554,0,0,0,0.4443928545056656
20.0,0,9.7,43.4,14,0.656,1,0,1,0.7296181302128196
31.0,0,20.8,30.2,6,0.58,1,1,1,0.6269957552693944
,0,4.6,43.0,19,0.361,1,0,1,0.6731419128955174
,1,7.1,29.8,11,0.508,1,1,1,0.6211107586624847
46.0,1,22.4,5.0,3,0.708,1,0,1,0.5760062429058017
,0,4.4,75.3,34,0.13,0,1,1,0.5959491559603897
,1,18.6,64.5,13,0.099,1,0,1,0.5499589684064023
31.0,1,9.7,51.0,25,0.416,0,1,1,0.5577889464632881
22.0,0,11.0,72.1,16,0.452,1,1,1,0.727431317470317
35.0,0,16.4,21.8,6,0.103,0,0,0,0.29209715039698286
37.0,0,17.4,41.6,13,0.567,0,1,1,0.5308859705530368
34.0,1,5.5,26.8,8,0.528,0,0,0,0.4382657091717378
20.0,1,15.6,24.4,5,0.782,1,1,1,0.6565596523686233
29.0,1,4.4,24.7,5,0.065,0,0,0,0.2681062181131244
37.0,0,8.5,61.2,16,0.31,0,1,1,0.5071785960902039
32.0,1,14.7,41.0,15,0.432,0,0,0,0.47117936746767614
25.0,1,14.4,52.1,24,0.393,1,0,1,0.6974109948437218
34.0,1,24.1,44.8,12,0.526,0,0,0,0.483295628426063
36.0,1,18.0,61.0,27,0.1,1,1,1,0.6354880374796791
28.0,0,3.0,47.1,11,0.447,1,1,1,0.6608942370793572
25.0,0,16.9,15.9,6,0.494,0,0,0,0.407169092474585
38.0,1,19.3,12.5,3,0.142,1,1,0,0.39395286992185363
36.0,0,14.0,49.9,12,0.384,0,1,0,0.47863376652051254
28.0,1,12.1,10.7,4,0.586,0,1,0,0.3945896346609995
38.0,0,10.1,6.2,3,0.296,1,0,0,0.46967681122415084
29.0,1,14.2,30.8,8,0.283,0,1,0,0.35466276611690556
,0,9.6,64.5,29,0.392,1,1,1,0.7672039709936755
34.0,0,9.3,52.5,16,0.201,1,1,1,0.6156970195906369
34.0,1,3.0,19.5,9,0.066,1,0,0,0.4354874141277307
24.0,0,8.9,80.6,29,0.181,1,1,1,0.7356031517752769
34.0,1,12.0,69.9,33,0.3,0,1,1,0.60517519064614
32.0,0,14.9,49.8,11,0.6,0,0,1,0.5478420640051516
22.0,1,5.6,66.7,30,0.14,0,1,1,0.5287258862414878
28.0,1,16.6,14.9,4,0.093,0,1,0,0.2468070032271745
34.0,0,11.9,64.1,21,0.407,1,1,1,0.7281362687081679
28.0,1,11.6,25.5,9,0.075,0,0,0,0.2886809081325953
27.0,1,14.6,90.6,30,0.385,0,1,1,0.6511736557284726
31.0,0,15.4,54.9,13,0.336,1,0,1,0.6409556145342405
53.0,0,13.4,74.9,24,0.669,1,1,1,0.8209047768229647
34.0,1,14.1,84.6,35,0.15,1,1,1,0.7405722114937868
33.0,0,7.8,17.5,8,0.172,0,0,0,0.32411471251759183
18.0,0,14.3,24.5,4,0.159,0,0,0,0.30367227838737393
36.0,1,5.5,15.3,5,0.636,1,1,1,0.5995591101439414
28.0,1,3.0,51.6,24,0.492,0,0,1,0.5850362318450628
34.0,1,5.1,22.1,10,0.127,0,0,0,0.30927516865669746
37.0,1,15.5,36.6,8,0.217,1,1,1,0.5050943668384276
30.0,0,15.2,7.1,3,0.317,0,1,0,0.31547880179819254
18.0,0,10.6,22.4,7,0.242,0,0,0,0.346839017853857
32.0,1,12.4,52.4,16,0.057,0,1,0,0.3719289088222825
33.0,0,3.5,41.8,9,0.626,1,1,1,0.695157899394719
24.0,0,3.0,55.6,25,0.585,1,1,1,0.7879897095273156
36.0,1,9.7,38.5,13,0.283,1,1,1,0.5713310513116354
37.0,0,11.7,39.5,13,0.391,1,1,1,0.6336466414516589
,1,3.0,24.7,7,0.753,0,1,1,0.5096711132818843
,0,7.3,90.7,22,0.524,1,1,1,0.8039097911741236
38.0,0,14.6,47.7,11,0.089,0,0,0,0.3648698352574097
19.0,1,8.9,83.5,32,0.375,1,1,1,0.7857813373778659
34.0,1,19.6,35.4,14,0.413,0,1,0,0.4420002002914135
28.0,0,8.8,46.0,17,0.736,1,0,1,0.7707814574184287
41.0,1,19.3,39.5,19,0.455,1,1,1,0.661110208475624
,0,11.3,23.8,7,0.708,0,0,1,0.5104558925527931
30.0,0,10.1,45.4,21,0.395,1,1,1,0.695114757151783
22.0,0,11.2,58.8,17,0.776,0,0,1,0.666543003455823
38.0,0,7.1,17.7,4,0.76,1,1,1,0.6621165978533686
60.0,0,8.6,30.6,12,0.098,0,0,0,0.34758805893773237
28.0,0,9.7,13.3,5,0.426,0,0,0,0.37891854533856373
29.0,1,15.1,32.2,6,0.794,1,0,1,0.6806940264772688
29.0,0,17.0,66.2,13,0.277,1,1,1,0.64111794752394
28.0,0,15.6,43.0,13,0.642,1,1,1,0.7151130611821055
21.0,0,9.8,35.6,15,0.608,1,1,1,0.7084807481602549
25.0,0,14.3,82.6,36,0.054,0,0,1,0.5881108936405929
26.0,1,10.4,42.9,20,0.686,0,1,1,0.6022014344510573
30.0,1,17.4,89.6,24,0.097,0,1,1,0.5078108133540158
33.0,1,17.9,43.6,18,0.584,0,0,1,0.5479235675688596
,1,3.0,59.7,16,0.428,0,1,1,0.5250218045510543
30.0,0,12.4,38.2,8,0.655,0,0,1,0.5262436507778161
36.0,1,10.9,13.5,3,0.453,1,1,1,0.5132889807132939
39.0,0,19.7,29.6,12,0.46,1,1,1,0.6247768567698798
25.0,0,9.5,39.2,11,0.556,1,0,1,0.6759596209205809
25.0,1,15.0,65.2,13,0.074,1,1,1,0.545824157528464
30.0,0,10.2,34.8,9,0.52,0,0,0,0.48002044493394597
36.0,1,14.2,30.9,7,0.085,0,0,0,0.2874166163840423
33.0,0,12.3,63.7,14,0.131,0,1,0,0.4315724696573492
38.0,1,13.2,40.5,13,0.162,1,1,1,0.529314457798927
45.0,1,16.3,94.1,45,0.113,0,1,1,0.660210012676096
28.0,0,10.9,57.2,26,0.768,1,1,1,0.8299167687317516
22.0,0,18.4,49.3,22,0.301,0,0,1,0.511483770806541
28.0,0,10.0,29.2,13,0.193,1,1,1,0.5469225271328492
36.0,1,11.6,10.1,4,0.128,1,1,0,0.39789128475445384
46.0,0,18.7,132.7,51,0.795,0,1,1,0.9010950026368094
33.0,0,13.4,35.4,13,0.118,1,1,1,0.5295414141396317
42.0,0,10.0,47.2,15,0.512,0,0,1,0.5428948151558438
36.0,1,12.4,65.5,23,0.28,0,1,1,0.5225448152342969
,0,12.5,61.6,19,0.14,1,1,1,0.6287577971212216
34.0,1,14.8,108.4,27,0.336,0,0,1,0.6491636844916028
,1,10.6,23.8,6,0.116,0,1,0,0.2820015538534625
18.0,0,14.2,42.0,20,0.409,0,0,1,0.5257052811381758
18.0,0,10.5,13.6,5,0.231,1,0,0,0.4745252431704629
18.0,0,3.7,25.6,12,0.312,1,0,1,0.5807094495218235
,1,6.2,47.3,13,0.492,0,1,0,0.4996204955856205
33.0,0,11.1,20.6,5,0.753,0,1,1,0.5067158391380355
18.0,0,15.7,65.7,23,0.782,1,1,1,0.8283858266739522
34.0,1,20.2,23.8,8,0.739,0,1,0,0.49362727660854344
18.0,0,17.7,54.6,21,0.255,0,0,0,0.49958627834075486
30.0,1,12.1,47.3,14,0.502,1,1,1,0.6658327791410571
,0,12.8,31.9,6,0.71,0,0,1,0.5192907987022676
49.0,0,3.0,49.0,18,0.278,1,1,1,0.6527005787137014
30.0,0,11.9,44.9,19,0.794,0,1,1,0.6588196272673499
44.0,1,17.2,6.6,3,0.613,1,0,1,0.5505398131197903
,0,6.9,66.4,30,0.288,0,0,1,0.6046683702894514
22.0,1,7.1,53.6,26,0.45,0,0,1,0.5838377629169544
,1,4.9,40.8,16,0.237,1,1,1,0.5840262241900042
,0,8.9,21.4,4,0.53,0,0,0,0.4244822984350445
34.0,1,6.3,44.0,18,0.109,0,0,0,0.39167302025365786
32.0,1,18.8,21.3,5,0.547,0,1,0,0.40221044626691155
,0,13.4,40.7,9,0.222,0,0,0,0.3845356687952621
22.0,0,15.5,56.7,14,0.657,1,0,1,0.7464228420876862
18.0,1,15.7,29.8,8,0.139,0,1,0,0.3061700789641868
,0,12.2,33.6,12,0.202,1,1,1,0.5501355083630421
22.0,0,11.1,47.3,9,0.734,0,0,1,0.5801175351414182
25.0,0,4.4,72.0,15,0.418,1,1,1,0.717008065118216
23.0,1,7.6,41.1,18,0.463,1,0,1,0.6701813673015764
43.0,0,4.7,131.3,36,0.76,0,1,1,0.8573312020572564
,0,12.9,57.9,12,0.651,1,1,1,0.7381024616973162
37.0,0,4.2,50.9,20,0.636,1,1,1,0.7699044880951469
22.0,1,11.1,46.3,21,0.28,1,1,1,0.6359098049875874
25.0,1,9.7,58.4,18,0.394,1,0,1,0.6774054756351049
,0,11.7,39.5,12,0.261,0,1,0,0.41665309548357193
34.0,0,20.4,42.7,20,0.29,0,1,0,0.47885142893571137
26.0,1,12.9,86.2,25,0.642,1,1,1,0.8173158528975045
28.0,0,9.5,18.6,7,0.209,1,0,0,0.4912057700869447
27.0,1,4.6,54.9,12,0.458,0,0,0,0.4974778852905744
31.0,0,15.0,34.5,14,0.407,1,1,1,0.6330540071005376
30.0,0,13.0,55.2,18,0.303,0,1,1,0.5019742497740473
29.0,0,12.8,16.4,4,0.328,0,0,0,0.3434541175947299
29.0,0,13.9,42.8,11,0.487,0,0,0,0.49444491219594494
39.0,0,13.1,84.9,31,0.674,1,1,1,0.8582964184434815
31.0,0,16.1,22.6,5,0.624,1,1,1,0.6251374225548225
24.0,0,13.2,166.9,68,0.399,0,1,1,0.9168683985708034
,0,12.1,42.1,15,0.705,0,0,1,0.5984460210242292
33.0,0,9.0,47.4,19,0.73,1,1,1,0.7805623534930851
18.0,0,7.5,48.3,9,0.063,1,0,1,0.5142494505053719
34.0,0,3.0,97.8,20,0.432,0,1,1,0.651779272224624
32.0,0,11.3,164.3,63,0.179,1,1,1,0.9313743969169427
27.0,1,12.6,62.3,19,0.635,1,1,1,0.7565969615680667
34.0,1,9.0,46.9,9,0.772,1,1,1,0.7207150373028194
32.0,1,11.1,35.3,16,0.178,1,1,1,0.5467639435454117
28.0,1,7.7,20.7,10,0.734,0,0,1,0.5108009324618906
30.0,0,21.1,51.6,10,0.692,1,1,1,0.722961559339069
28.0,1,14.8,29.0,10,0.567,0,0,0,0.4613008266288848
,1,6.3,52.5,15,0.751,0,1,1,0.6140762058728729
,0,19.6,29.8,6,0.62,0,0,0,0.4765959885395005
22.0,1,6.7,64.0,23,0.598,1,1,1,0.7730148468174968
26.0,0,14.1,12.9,6,0.202,0,1,0,0.3085700058125603
31.0,1,10.2,63.7,24,0.75,0,1,1,0.686307464618533
20.0,1,8.7,51.1,22,0.147,1,0,1,0.6087982320759978
,1,8.0,42.0,10,0.608,0,0,1,0.5083782831127771
36.0,1,17.0,18.3,4,0.241,0,0,0,0.29353755323863634
44.0,1,7.6,5.0,3,0.096,1,0,0,0.37441807253930537
19.0,0,6.4,82.7,35,0.107,0,1,1,0.6070706547625706
38.0,1,12.6,44.3,17,0.246,1,0,1,0.5935914117566967
34.0,0,15.2,31.3,11,0.279,1,1,1,0.5632737622606057
25.0,0,14.5,60.2,29,0.396,0,0,1,0.6163231999588399
20.0,0,6.1,49.8,14,0.157,0,0,0,0.4189406583301373
23.0,0,4.1,26.8,8,0.666,0,0,1,0.5149699617506983
60.0,0,5.9,11.9,4,0.58,0,1,0,0.4259827194639572
31.0,1,6.6,54.4,21,0.36,1,0,1,0.6800498185456897
26.0,0,15.7,25.6,7,0.257,0,0,0,0.35325924315607715
38.0,0,6.4,44.1,20,0.557,1,1,1,0.7372822046635007
36.0,1,16.4,164.3,63,0.61,1,1,1,0.9568710349549665
49.0,0,20.4,180.0,36,0.657,1,1,1,0.9340880140657184
36.0,0,16.7,29.9,6,0.615,1,1,1,0.6415811524647246
36.0,0,15.6,14.2,6,0.776,0,0,1,0.5046437877783307
27.0,0,6.1,34.5,11,0.336,0,1,0,0.4314683198031708
,0,9.8,111.5,26,0.503,1,1,1,0.8385691344980668
,0,7.5,33.6,12,0.534,1,1,1,0.6667005002412298
,0,12.3,46.7,21,0.096,0,1,0,0.4323060669949828
,1,3.0,56.4,12,0.591,1,1,1,0.7046472864814819
37.0,1,10.3,78.9,29,0.522,0,1,1,0.6714378279069578
29.0,0,4.8,65.5,28,0.704,0,1,1,0.724304617548599
32.0,0,16.4,48.9,10,0.674,0,0,1,0.5640877243601371
31.0,1,18.5,65.7,32,0.377,1,1,1,0.754626552489273
33.0,0,7.6,13.4,6,0.303,1,0,1,0.5093125639043921
46.0,1,15.2,40.8,9,0.11,0,0,0,0.32257562946187157
29.0,0,15.3,17.3,6,0.413,0,1,0,0.3836147708582402
20.0,1,16.7,35.1,8,0.517,1,1,1,0.6065099118693683
26.0,1,17.2,33.4,12,0.499,1,1,1,0.6224385336768886
24.0,0,22.1,46.1,17,0.494,1,0,1,0.6938279990483007
32.0,0,24.0,41.8,20,0.166,0,0,0,0.42982838669000933
30.0,0,14.7,63.2,26,0.509,0,1,1,0.6404959307622101
,0,6.8,59.3,24,0.273,0,0,1,0.5458494127780223
22.0,0,19.8,113.7,34,0.091,0,1,1,0.6421619872900461
27.0,1,4.3,47.5,12,0.07,0,1,0,0.34905563264223566
42.0,0,9.8,55.9,21,0.271,1,0,1,0.6753680319769751
26.0,0,13.7,46.5,13,0.476,1,0,1,0.6722372230353176
34.0,1,10.6,54.1,16,0.734,0,1,1,0.6140059023609052
31.0,0,14.5,140.1,60,0.7,1,1,1,0.9554060511646671
36.0,0,12.1,51.9,14,0.17,0,1,0,0.4221452286149973
37.0,0,7.5,29.8,9,0.32,1,1,1,0.5684175141476776
22.0,0,11.0,6.7,3,0.065,0,0,0,0.24556073779503132
34.0,1,3.9,44.7,16,0.59,0,0,1,0.5517124070466936
32.0,1,17.0,38.6,10,0.161,1,0,1,0.5012784336471524
30.0,0,6.9,81.7,18,0.159,1,1,1,0.6703223987172021
33.0,0,12.8,17.3,3,0.234,0,0,0,0.3095568433139534
41.0,1,11.3,35.4,8,0.596,0,0,0,0.4741873713012364
29.0,1,19.0,25.6,12,0.069,0,1,0,0.2982318779725209
26.0,0,13.2,32.2,12,0.519,1,1,1,0.6546078833390107
36.0,1,12.3,20.1,8,0.554,0,1,0,0.4279260108269151
29.0,1,11.2,50.4,21,0.167,0,0,0,0.43962422415504127
32.0,1,12.4,105.3,48,0.757,0,1,1,0.8545713524472816
31.0,1,15.8,40.6,19,0.616,0,0,1,0.5618860488576749
,0,3.0,19.1,9,0.372,1,1,1,0.5696240853709497
24.0,0,22.7,42.9,14,0.721,1,0,1,0.7375283049222864
38.0,0,8.9,52.7,15,0.175,1,1,1,0.6011180894253687
,0,16.5,32.6,7,0.593,0,0,0,0.4822440032277493
43.0,0,15.8,21.2,10,0.45,1,1,1,0.5958471881139481
60.0,0,9.9,34.8,12,0.355,0,0,0,0.44193651238869897
22.0,1,12.6,48.0,19,0.195,1,0,1,0.5962806785943047
44.0,0,18.1,12.0,5,0.766,0,1,0,0.48753300328363275
28.0,1,17.7,60.9,23,0.711,1,1,1,0.7893500683778717
31.0,0,12.6,28.6,9,0.538,1,0,1,0.636073379511654
24.0,0,11.6,60.8,28,0.593,0,1,1,0.6778857628298717
29.0,1,11.2,56.9,27,0.179,0,0,0,0.49740145219763876
24.0,0,12.2,17.1,6,0.788,1,1,1,0.677696389431323
30.0,1,13.9,38.9,11,0.378,1,1,1,0.5881681351599289
34.0,0,14.2,13.7,6,0.145,0,1,0,0.29271758557574273
34.0,1,6.1,46.6,21,0.461,0,0,1,0.5413955448442228
,1,16.9,40.9,18,0.5,0,0,1,0.5135443917409797
,0,21.3,39.5,13,0.349,1,0,1,0.6111396718681007
32.0,1,10.8,45.0,18,0.798,1,1,1,0.7698319835274106
,0,11.1,40.7,12,0.136,1,1,1,0.5419384370800063
18.0,0,14.3,35.3,9,0.162,0,0,0,0.3536698180141656
28.0,1,14.6,30.3,11,0.725,1,0,1,0.6857992802145337
38.0,1,7.0,75.0,35,0.607,1,1,1,0.8390712782833439
34.0,0,3.5,23.1,6,0.788,0,1,1,0.5380423085885359
,0,10.7,5.0,3,0.726,1,1,1,0.61806057507964
28.0,1,21.3,47.5,13,0.725,0,0,1,0.5687914488179246
25.0,1,11.8,39.3,10,0.054,1,0,0,0.4693297116376911
34.0,0,9.6,55.8,15,0.161,1,0,1,0.6016804402384972
30.0,0,8.6,43.3,15,0.588,1,1,1,0.7162440858315752
28.0,0,18.8,180.0,89,0.554,1,1,1,0.9810716424548519
38.0,0,9.0,34.4,11,0.787,1,1,1,0.7366589723796477
34.0,1,3.0,72.4,21,0.255,1,1,1,0.6818470556101726
23.0,0,3.0,40.9,10,0.413,0,0,0,0.4675850080437898
35.0,1,13.2,29.9,14,0.107,0,0,0,0.3338285202732691
26.0,1,20.2,59.1,25,0.614,1,1,1,0.7707964588084627
32.0,0,13.5,67.2,13,0.377,1,1,1,0.6779250150593561
33.0,1,18.2,53.1,22,0.137,0,0,0,0.43468458872410437
18.0,0,14.4,31.7,7,0.328,0,0,0,0.3895304941548014
32.0,1,9.6,180.0,67,0.132,1,1,1,0.9356246694497505
25.0,0,9.5,58.6,18,0.206,0,1,0,0.47742918144004937
35.0,1,15.2,16.3,6,0.452,1,0,1,0.5348612004006128
32.0,1,12.2,109.3,22,0.406,0,1,1,0.644900036929445
,0,3.0,50.4,19,0.226,0,1,0,0.48089588582327625
33.0,1,17.5,49.0,11,0.525,1,1,1,0.6534996956036465
34.0,0,12.5,74.8,35,0.149,1,0,1,0.7465271433955224
37.0,0,3.0,9.6,4,0.592,0,1,0,0.42829032162859404
35.0,1,22.2,28.4,13,0.726,0,1,1,0.5302587040434869
43.0,1,11.0,41.3,14,0.366,1,0,1,0.6108219350194528
22.0,0,16.1,48.4,12,0.575,0,1,1,0.5418041934911814
32.0,0,3.6,83.6,40,0.717,1,1,1,0.8939536785029756
35.0,1,17.5,38.0,12,0.343,0,1,0,0.4112947522814566
26.0,0,4.9,14.7,7,0.691,0,1,0,0.49202026743177196
,0,6.6,14.3,4,0.43,0,0,0,0.3784911078631223
25.0,0,9.7,17.2,7,0.068,0,0,0,0.28491453268404904
36.0,0,10.3,13.5,4,0.133,1,1,0,0.4330871922524222
30.0,0,12.6,29.2,6,0.125,0,0,0,0.31431404367685645
,0,14.8,180.0,51,0.742,0,1,1,0.9261590160737573
38.0,0,3.0,33.1,12,0.234,1,1,1,0.5688584749005791
39.0,1,11.8,47.5,15,0.271,1,1,1,0.5960548569000801
43.0,0,12.2,37.4,11,0.589,0,0,1,0.5215931246166844
32.0,1,8.3,27.6,13,0.734,0,0,1,0.5443680266169345
34.0,1,12.9,15.7,3,0.653,1,1,1,0.5864546057495913
38.0,0,13.5,61.6,25,0.706,0,1,1,0.6949938006587197
27.0,0,14.7,67.6,20,0.257,0,1,1,0.522468866677978
33.0,0,3.9,34.9,14,0.096,0,1,0,0.3714221490878529
41.0,0,14.3,30.9,11,0.637,0,1,1,0.5237005785715654
29.0,1,14.1,18.2,8,0.095,0,1,0,0.2751913259712575
23.0,0,10.3,30.4,11,0.625,1,1,1,0.6813645171468444
40.0,1,3.3,116.1,52,0.597,0,1,1,0.8546558910197072
,1,21.4,35.3,16,0.428,1,0,1,0.6240113358324889
35.0,1,6.4,61.7,28,0.497,1,1,1,0.7683993330502166
30.0,1,13.4,14.1,3,0.701,0,1,0,0.43333292637201465
38.0,0,15.7,26.0,6,0.662,1,1,1,0.650612835209233
42.0,0,12.3,45.4,10,0.761,1,1,1,0.7389799348255531
36.0,1,19.9,21.1,6,0.214,0,0,0,0.29925545345560345
36.0,1,14.0,5.0,3,0.379,1,1,0,0.4668964654885811
38.0,0,22.6,50.8,16,0.757,1,1,1,0.7690365474501383
47.0,0,12.2,56.8,14,0.699,1,0,1,0.7600139105056637
31.0,0,16.1,29.2,9,0.613,1,1,1,0.6586689894331166
41.0,1,8.7,57.6,21,0.594,1,0,1,0.7514652907408429
33.0,0,10.6,25.7,11,0.282,0,1,0,0.391578927132291
22.0,0,12.1,32.2,10,0.116,1,0,1,0.5032796235415483
22.0,0,13.8,57.3,24,0.645,0,1,1,0.6622854909376137
42.0,1,16.0,29.5,11,0.326,0,1,0,0.3839265494812799
44.0,0,13.7,21.9,7,0.625,0,1,0,0.4747580400985447
39.0,0,6.1,49.8,15,0.597,0,0,1,0.5815081853437423
28.0,0,10.9,44.7,17,0.798,0,1,1,0.6483068857847973
32.0,1,13.0,36.7,12,0.334,1,1,1,0.5759741906431192
27.0,0,11.9,7.8,3,0.282,0,0,0,0.30858724973047913
22.0,1,24.1,15.6,7,0.125,0,0,0,0.2668098849629206
30.0,1,6.1,5.0,3,0.079,0,0,0,0.2308560043856404
24.0,0,16.8,39.9,19,0.245,0,0,0,0.45382075258465776
29.0,1,10.8,35.3,8,0.129,1,1,0,0.4754248548371037
23.0,1,3.9,66.7,32,0.303,0,1,1,0.6007584534348076
25.0,1,10.9,83.6,24,0.223,1,1,1,0.7023897635360858
33.0,1,8.6,14.7,4,0.319,1,1,0,0.47676256511502846
45.0,1,20.7,46.9,13,0.561,0,0,1,0.509972245973982
,0,9.5,56.4,12,0.252,1,0,1,0.6145217755165917
27.0,1,3.0,20.4,7,0.42,1,0,1,0.5497134061575729
46.0,1,13.0,37.7,15,0.741,1,0,1,0.7266130032158732
27.0,0,14.5,71.2,16,0.398,0,0,1,0.552974518884587
,0,7.3,22.4,9,0.062,0,0,0,0.3049765954427734
28.0,1,8.6,59.5,19,0.495,0,1,1,0.5633762002166844
36.0,1,12.6,51.4,15,0.338,1,0,1,0.6255692916456358
44.0,1,8.6,43.2,14,0.759,0,1,1,0.590328136184073
24.0,0,19.8,25.9,7,0.768,1,0,1,0.6866092166303729
,1,16.6,5.0,3,0.242,0,0,0,0.26706092769217277
31.0,0,13.5,15.9,7,0.315,0,0,0,0.35623144134727414
,0,10.3,85.2,29,0.589,0,1,1,0.7244866611031511
27.0,1,12.4,25.6,5,0.529,1,1,1,0.5763797897504475
30.0,1,21.4,44.2,19,0.423,1,1,1,0.657581010695168
32.0,1,4.8,35.0,8,0.6,0,0,0,0.4808494745136724
33.0,0,11.0,58.6,17,0.549,1,1,1,0.738598963734982
24.0,1,11.7,49.7,14,0.231,1,0,1,0.5800144743626175
40.0,1,13.6,31.8,9,0.614,0,1,0,0.47800496261677833
28.0,1,12.1,9.2,3,0.398,1,0,0,0.4838682933724905
20.0,0,6.8,33.4,7,0.404,1,1,1,0.5921367280916299
32.0,1,3.0,34.0,8,0.252,0,1,0,0.3599827519392223
18.0,0,11.9,52.7,18,0.122,0,1,0,0.43367554146663134
30.0,1,7.7,34.4,11,0.275,1,1,1,0.5488470930685568
20.0,1,9.2,19.4,8,0.522,0,0,0,0.41820333835413726
28.0,1,15.0,32.0,8,0.505,1,0,1,0.597937236697086
21.0,1,11.3,5.0,3,0.476,0,0,0,0.34178349105776484
37.0,1,16.7,54.5,26,0.063,0,1,0,0.4395094822059227
26.0,0,5.7,40.6,20,0.453,0,0,1,0.5464128976542629
36.0,1,7.0,48.9,13,0.509,1,1,1,0.6691069620930008
,1,17.1,78.1,30,0.299,1,1,1,0.743216436365827
44.0,0,13.1,38.1,10,0.702,0,1,1,0.5555467193714566
30.0,1,11.0,24.8,5,0.528,0,0,0,0.40946220419775037
36.0,0,13.8,54.4,23,0.764,1,1,1,0.812231282908649
20.0,1,8.4,43.1,10,0.345,0,0,0,0.4170097703559335
24.0,0,14.8,47.8,17,0.223,0,0,0,0.450193559944859
,0,4.4,71.3,31,0.173,1,1,1,0.7326151483290708
26.0,0,7.8,50.0,17,0.194,0,0,0,0.45077067195846826
28.0,0,11.6,28.2,6,0.764,1,1,1,0.6900865455174302
31.0,0,10.2,42.6,17,0.513,1,1,1,0.7029460596391855
32.0,0,12.5,34.8,15,0.435,0,0,0,0.48819317616418856
39.0,0,14.6,45.0,18,0.067,0,1,0,0.3971019008472067
26.0,1,13.2,46.1,15,0.728,0,0,1,0.5876756925069258
28.0,1,6.5,25.6,6,0.717,1,1,1,0.6515298502272803
25.0,1,7.6,42.8,19,0.127,1,1,1,0.5669780577029032
25.0,0,8.3,33.2,9,0.759,1,0,1,0.7165330764227356
37.0,0,10.2,18.3,7,0.168,0,1,0,0.3164204795234936
43.0,1,7.3,18.8,4,0.468,0,0,0,0.3743432083824695
36.0,1,15.5,23.4,9,0.393,1,1,1,0.5480490824065022
22.0,1,13.5,21.4,5,0.347,0,0,0,0.3403778021298223
,1,13.7,53.3,22,0.639,0,1,1,0.6161387047647231
,0,5.8,34.0,16,0.556,0,0,1,0.5427375647487147
36.0,1,12.0,15.4,5,0.199,1,0,0,0.4391916680589861
28.0,0,15.0,28.2,11,0.602,1,1,1,0.6664010462605344
26.0,0,8.9,180.0,78,0.304,0,1,1,0.9344763006517546
28.0,1,10.9,41.8,20,0.542,0,1,1,0.5493598337508018
37.0,0,11.3,38.5,16,0.208,0,1,0,0.4230357316737418
23.0,1,11.1,24.5,6,0.155,0,0,0,0.29420854924343176
,0,12.1,19.6,8,0.572,0,1,0,0.4595271282645414
47.0,0,20.0,49.2,10,0.118,0,0,0,0.3663291554886897
21.0,0,10.1,29.6,9,0.248,1,1,1,0.5402089391796538
,0,11.8,55.2,16,0.751,1,1,1,0.7807352545409246
18.0,0,8.0,44.1,19,0.441,0,0,1,0.5402931759600749
32.0,0,16.4,133.0,47,0.294,1,1,1,0.8876748443115583
34.0,0,14.5,36.3,9,0.196,1,0,1,0.5310657367163935
18.0,1,6.9,26.4,7,0.292,0,0,0,0.3495264133941404
36.0,0,14.3,34.5,11,0.355,0,1,0,0.4306399853743481
30.0,0,17.9,52.4,13,0.1,0,0,0,0.3872847906965008
49.0,0,19.8,56.2,27,0.096,1,1,1,0.6480275894843496
46.0,1,14.6,64.8,31,0.257,0,1,1,0.564781530273391
27.0,1,3.0,25.6,5,0.153,1,0,0,0.45151814590998174
28.0,1,12.9,38.5,12,0.608,1,1,1,0.6710210490383249
27.0,1,7.3,55.8,12,0.188,1,0,1,0.5677341389799346
24.0,1,6.2,45.5,14,0.429,1,1,1,0.64394383429426
22.0,1,9.7,23.4,7,0.492,0,0,0,0.40858497214499434
25.0,0,6.7,58.8,24,0.161,0,0,1,0.505040182690004
,1,8.2,18.0,7,0.292,1,0,0,0.49446274870584134
48.0,0,3.0,45.5,20,0.362,0,0,1,0.5263812835878492
,0,16.8,13.2,3,0.236,0,0,0,0.300010582378669
,0,14.3,31.8,14,0.29,1,1,1,0.5887882206754484
34.0,1,15.2,26.1,5,0.405,1,0,1,0.5310292420831891
30.0,1,7.2,33.6,13,0.446,0,0,0,0.4547922287034679
27.0,0,10.3,50.5,17,0.554,0,1,1,0.5773152970238672
26.0,0,12.3,129.4,45,0.31,1,1,1,0.8830970834435724
28.0,0,9.9,49.9,13,0.597,1,1,1,0.7176465077910938
27.0,1,3.9,34.2,14,0.638,1,1,1,0.6918627412590946
,1,19.7,5.0,3,0.261,1,0,0,0.42006402764055045
38.0,0,8.5,51.9,14,0.435,1,0,1,0.6791129802134545
25.0,1,9.9,43.8,20,0.127,0,0,0,0.4072591094838183
25.0,0,13.2,77.5,18,0.486,1,1,1,0.7539496577475171
36.0,1,13.2,40.2,16,0.395,1,1,1,0.6293514762047491
25.0,1,15.5,67.2,21,0.557,0,1,1,0.6068475746731706
,1,11.1,53.4,20,0.665,1,0,1,0.7573196118352971
25.0,1,13.6,50.7,12,0.628,0,1,1,0.541300276814157
32.0,1,7.1,15.4,4,0.212,0,1,0,0.2877770478737739
20.0,1,16.8,57.2,24,0.462,0,0,1,0.5730498249933471
28.0,0,7.8,180.0,41,0.278,0,1,1,0.83487950555891
37.0,0,11.0,5.3,3,0.605,1,1,1,0.5768021373391544
27.0,0,10.5,82.7,34,0.345,1,1,1,0.8028628717633339
49.0,0,10.4,54.9,25,0.3,0,0,1,0.5500322374011961
37.0,0,8.9,35.2,9,0.246,1,1,1,0.5517865994439306
34.0,1,14.5,36.1,17,0.55,0,0,1,0.5171965513635323
34.0,1,14.9,44.2,10,0.286,1,1,1,0.5589036941970484
20.0,0,10.4,42.5,15,0.724,1,1,1,0.7516004375093032
30.0,0,22.7,56.9,20,0.563,1,1,1,0.7470322957738467
24.0,1,6.9,52.2,22,0.634,1,1,1,0.7602350567364832
,0,11.9,39.6,13,0.681,0,0,1,0.5722494298462126
,0,11.7,46.2,17,0.504,0,0,1,0.5499445903403345
30.0,0,16.1,23.8,10,0.422,1,1,1,0.5909726538332467
,1,20.4,46.0,19,0.42,1,0,1,0.6607110243376674
41.0,0,13.0,25.3,6,0.208,1,0,0,0.4942953270024371
33.0,0,13.7,100.2,27,0.18,1,1,1,0.7516653098578551
31.0,1,6.7,84.7,18,0.166,1,1,1,0.6545117829162799
34.0,0,8.9,47.2,12,0.762,0,1,1,0.611130065968283
35.0,1,16.1,30.2,12,0.342,0,0,0,0.39708003805573844
23.0,1,16.0,40.4,10,0.288,0,1,0,0.38542459814218066
34.0,1,10.3,63.5,19,0.373,1,0,1,0.6852110936318533
18.0,0,3.0,17.6,5,0.391,0,0,0,0.381168429841716
38.0,0,22.7,53.4,24,0.762,0,0,1,0.684858420704983
18.0,1,5.3,32.0,12,0.125,0,0,0,0.3377980664627912
26.0,0,5.3,59.7,29,0.182,1,0,1,0.7046963509415357
25.0,0,5.2,147.6,35,0.69,0,1,1,0.8576015347015984
42.0,0,5.9,41.3,18,0.48,1,0,1,0.6999103326118616
,1,11.9,49.5,17,0.176,0,0,0,0.41381754776422547
33.0,1,3.1,47.4,10,0.447,1,1,1,0.6310141225423792
39.0,0,7.1,47.6,16,0.149,0,0,0,0.42415589542997234
26.0,1,11.0,65.5,14,0.229,0,1,0,0.4448161714650456
41.0,0,10.1,48.5,12,0.695,0,0,1,0.5895951322703041
18.0,0,18.0,26.4,9,0.608,1,0,1,0.6503541746086836
30.0,1,15.1,43.5,15,0.244,1,1,1,0.5758978843265565
45.0,1,10.8,34.5,15,0.422,0,0,0,0.4582158572287588
35.0,1,9.4,47.8,18,0.408,0,1,1,0.5015447176530421
27.0,0,8.1,52.0,10,0.732,0,1,1,0.5978588659231537
,1,3.0,170.3,36,0.456,0,1,1,0.8282861100238464
20.0,0,14.2,5.0,3,0.266,0,0,0,0.29718936493568937
41.0,0,9.9,31.1,15,0.069,0,0,0,0.35651322219064585
,0,16.6,83.3,32,0.19,1,1,1,0.7522353651477158
38.0,0,10.7,30.3,6,0.612,1,1,1,0.6464590677286506
,0,5.6,25.6,5,0.594,0,1,0,0.46513927191157095
21.0,1,9.6,22.7,6,0.707,0,1,0,0.47629704255750166
36.0,1,4.8,39.7,18,0.125,1,0,1,0.5560147112889507
21.0,0,12.0,38.4,14,0.051,0,0,0,0.35607878435136436
29.0,1,13.1,44.4,12,0.5,1,0,1,0.6468439816951456
,0,13.2,21.3,7,0.126,0,0,0,0.3063327516852148
25.0,1,4.1,43.6,17,0.524,1,1,1,0.6904528098506768
36.0,0,13.5,31.1,14,0.678,1,1,1,0.7131899647769303
22.0,1,17.6,46.9,14,0.196,1,0,1,0.5568237074118021
,1,12.8,34.6,11,0.162,1,0,1,0.5042757612862083
36.0,1,14.0,43.5,13,0.212,1,0,1,0.5523191779526168
22.0,1,22.7,10.5,4,0.256,0,0,0,0.28072564793491406
,1,8.4,45.0,11,0.096,0,0,0,0.3433138791132693
18.0,1,8.0,36.0,8,0.432,0,0,0,0.42051702890411685
27.0,1,16.9,46.9,11,0.497,0,0,0,0.4770901004630089
38.0,1,9.3,32.2,11,0.677,1,1,1,0.6785198304735572
23.0,1,5.3,51.1,16,0.396,0,0,0,0.4941515773431998
32.0,1,3.9,5.0,3,0.342,1,0,0,0.4630959770863978
,1,9.2,17.5,6,0.377,1,1,1,0.5161120787907694
40.0,1,12.2,66.1,25,0.275,1,1,1,0.6930451679435895
23.0,0,16.3,14.9,4,0.474,0,0,0,0.3859536787567071
,1,13.4,40.3,15,0.393,1,1,1,0.622343000158101
25.0,0,10.8,31.6,9,0.309,1,0,1,0.565098398309609
42.0,0,14.5,50.4,21,0.578,0,1,1,0.6078185009870354
28.0,0,14.8,103.9,35,0.165,0,1,1,0.6586694298993669
24.0,0,21.1,63.4,25,0.298,1,1,1,0.7105398630913665
30.0,1,6.7,5.0,3,0.127,0,0,0,0.24285232840900522
30.0,1,10.5,23.1,10,0.1,0,1,0,0.29856052468644734
28.0,1,9.5,39.8,12,0.235,0,0,0,0.38492204181517187
18.0,0,11.1,37.7,7,0.321,1,0,1,0.5677744202232443
32.0,0,12.4,59.5,16,0.201,0,1,0,0.46125079701135974
44.0,1,9.8,40.6,17,0.439,1,1,1,0.6537008527870396
27.0,1,15.0,24.5,6,0.618,1,0,1,0.6091502916543531
28.0,0,15.0,55.6,20,0.375,1,0,1,0.6968442968200033
22.0,0,6.3,34.0,7,0.468,0,0,0,0.45004827654272156
,0,14.6,34.7,12,0.164,0,0,0,0.3717678311767694
33.0,0,22.3,30.8,13,0.629,0,1,1,0.5267505862871045
39.0,0,18.6,5.0,3,0.722,0,1,0,0.44391860935911853
27.0,1,16.0,73.3,25,0.176,0,1,1,0.5113107233566176
,0,3.0,77.2,35,0.606,1,1,1,0.8566992302937525
38.0,0,9.0,54.0,20,0.24,1,1,1,0.6567396437922363
23.0,1,15.9,37.4,7,0.126,1,0,0,0.4670773861247315
18.0,1,17.1,19.3,7,0.264,0,1,0,0.3194480529987154
43.0,0,22.1,24.8,11,0.145,0,0,0,0.33479218458154947
31.0,1,15.7,75.4,35,0.297,0,1,1,0.6242356781739571
28.0,0,22.5,58.3,23,0.623,1,0,1,0.7793753323225837
36.0,0,10.1,38.6,12,0.383,1,0,1,0.6243459095887215
18.0,0,13.3,30.5,13,0.541,0,1,1,0.5031032646333806
,0,19.8,52.8,24,0.516,0,1,1,0.6059960695835828
21.0,0,18.2,35.6,13,0.096,1,1,1,0.5176403573461106
39.0,1,6.7,52.7,14,0.146,1,0,1,0.5607260703831937
30.0,1,7.6,73.8,19,0.503,1,1,1,0.7420511375186384
20.0,0,11.6,30.9,9,0.355,0,1,0,0.41279042796773824
18.0,1,18.1,38.1,11,0.183,0,0,0,0.35071695287972443
33.0,1,18.0,38.9,19,0.267,0,0,0,0.4324303305825074
32.0,1,11.3,27.5,10,0.584,0,0,0,0.46758255511020524
39.0,1,22.4,20.9,7,0.302,1,1,0,0.49065548725268804
36.0,0,14.0,37.8,18,0.63,0,0,1,0.5821188437003563
33.0,1,21.8,37.9,7,0.138,0,0,0,0.30914208043800334
35.0,1,3.0,180.0,52,0.6,0,1,1,0.9081791706331103
23.0,0,8.7,31.2,10,0.444,0,1,0,0.4539130530694662
32.0,0,8.0,135.9,59,0.205,1,1,1,0.9105370260192379
40.0,0,24.1,56.7,27,0.776,1,1,1,0.8278436704373473
30.0,1,8.9,25.2,8,0.441,0,0,0,0.40176582645613174
23.0,0,9.2,59.9,15,0.61,0,0,1,0.6028474703947689
34.0,1,6.0,42.1,10,0.172,1,1,1,0.5224819668624499
20.0,1,22.3,38.5,14,0.211,1,0,1,0.5410505400801574
28.0,0,12.8,12.5,3,0.517,1,1,1,0.5585175332082822
18.0,0,12.3,62.1,26,0.63,1,0,1,0.8056549384584286
34.0,0,15.7,66.7,17,0.531,0,1,1,0.596099083429536
49.0,0,10.3,75.3,29,0.154,1,1,1,0.7184424088580293
27.0,1,20.9,43.9,19,0.552,1,0,1,0.6977018919628504
25.0,0,3.0,12.8,4,0.284,1,1,0,0.4920329567740395
35.0,0,11.7,44.1,10,0.265,0,0,0,0.41386025971854784
32.0,1,5.6,48.3,11,0.663,0,1,1,0.549571993384382
32.0,0,23.5,27.1,12,0.72,1,1,1,0.6999892828788554
39.0,1,8.5,41.0,18,0.559,0,1,1,0.5425507818605575
30.0,1,7.4,12.2,4,0.449,0,0,0,0.3556460226323833
32.0,0,10.6,47.5,13,0.269,0,1,0,0.44289085028247444
30.0,1,9.6,30.1,10,0.213,1,0,1,0.5096364675359525
18.0,0,6.5,20.2,6,0.252,1,1,1,0.5058024838633839
,0,15.5,165.2,58,0.281,1,0,1,0.9314861562951392
36.0,1,17.4,94.9,26,0.425,0,1,1,0.6449817600983088
28.0,1,15.2,6.7,3,0.652,1,0,1,0.5663204173410159
34.0,1,16.3,10.7,4,0.171,0,1,0,0.2617439576028723
,1,10.3,70.3,19,0.3,0,0,1,0.5141903287018722
24.0,0,4.8,32.1,15,0.652,0,0,1,0.5670650376687238
38.0,0,12.2,29.4,6,0.529,0,1,0,0.45030757281989436
31.0,1,16.6,61.0,14,0.49,1,1,1,0.6826148581140848
28.0,0,7.1,49.6,14,0.613,1,1,1,0.7292522560802808
31.0,1,11.5,41.3,17,0.333,0,1,0,0.4530564542800958
32.0,1,10.0,37.2,18,0.568,0,1,1,0.5367566952827276
18.0,1,11.6,53.6,19,0.414,0,0,1,0.5200901167911685
28.0,1,12.4,44.2,19,0.183,0,0,0,0.4186106392333415
31.0,1,3.5,81.8,19,0.593,0,1,1,0.6441774084404656
37.0,0,6.3,54.1,18,0.059,1,1,1,0.5858082047152724
20.0,1,19.2,32.8,7,0.777,0,0,1,0.5194646300978556
32.0,1,7.0,20.6,5,0.408,1,1,1,0.5286708538332363
30.0,0,3.0,70.8,27,0.142,0,1,1,0.546073034256873
,1,21.7,50.0,17,0.061,1,1,1,0.5315575393427646
33.0,0,15.8,41.2,10,0.8,1,0,1,0.740691236789556
29.0,0,7.7,5.4,3,0.514,1,1,1,0.5480200259347611
27.0,1,17.8,16.6,8,0.763,0,1,0,0.4899435943260769
,1,14.4,41.4,17,0.6,0,1,1,0.545707177214253
,0,12.9,28.9,10,0.15,1,1,1,0.5080405904173256
29.0,1,14.7,31.2,7,0.454,0,0,0,0.40614082735411056
,0,14.4,180.0,55,0.363,1,1,1,0.9409690455268817
35.0,0,5.5,26.9,6,0.667,1,1,1,0.662423852094834
28.0,0,17.3,28.6,7,0.314,1,0,1,0.5415034903203189
,1,7.1,44.3,12,0.586,1,1,1,0.6791061431874652
38.0,0,7.0,38.1,9,0.274,1,1,1,0.5691408409398311
35.0,0,8.1,74.6,29,0.792,0,1,1,0.7649180794234919
36.0,0,15.3,5.0,3,0.254,1,0,0,0.44756655625195896
34.0,1,17.4,77.8,18,0.603,1,1,1,0.7628171762456212
25.0,1,17.9,18.5,7,0.249,1,1,0,0.47110399299781375
33.0,1,7.9,51.2,11,0.521,0,0,1,0.5026870684299667
